Employee_ID,Name,Department,Email,Phone,Date_of_Joining,Salary,Rating
EMP031,Ishaan Iyer,Finance,ishaan.iyer30@example.com,+91-9329730155,2021-06-18,57110,4
EMP027,Rohit Mehta,Sales,,+91-9812807629,2020-02-27,59444,3
EMP053,Shreya Khan,IT,shreya.khan91@example.com,+91-9607042130,2022-03-13,96616,2
EMP025,Rohit Nair,IT,rohit.nair86@example.com,+91-9812306873,2023-05-17,72753,3
EMP033,Nikhil Khan,IT,nikhil.khan60@example.com,+91-9673510887,,47786,3
EMP022,Vikram Reddy,IT,,+91-9940081098,2024-11-28,44168,1
EMP001,Sneha Sharma,Finance,sneha.sharma32@example.com,+91-9826600539,2022-02-19,42280,5
EMP056,Vikram Mehta,IT,vikram.mehta43@example.com,+91-9572775194,2021-01-24,115823,1
EMP028,Rahul Iyer,Marketing,rahul.iyer81@example.com,+91-9512293741,2019-03-21,43970,2
EMP004,Kavya Iyer,Sales,kavya.iyer59@example.com,,2020-12-22,52431,2
EMP037,Sneha Joshi,Sales,sneha.joshi45@example.com,+91-9174041730,2020-01-28,43833,3
EMP030,Aditya Kumar,IT,aditya.kumar61@example.com,+91-9784683755,2024-09-16,40155,2
EMP008,Karthik Iyer,HR,karthik.iyer21@example.com,+91-9872751234,2022-03-17,69117,5
EMP002,Rohit Khan,HR,rohit.khan70@example.com,+91-9398704996,2018-03-23,50379,3
EMP902,Test User,Unknown,test@example.com,,2020-01-01,65774,3
EMP011,Aditya Iyer,IT,aditya.iyer9@example.com,+91-9347083812,2018-02-23,34117,1
EMP010,Ishaan Kumar,Finance,ishaan.kumar61@example.com,+91-9666585408,2021-04-18,82296,3
EMP016,Kavya Gupta,Sales,kavya.gupta73@example.com,+91-9765055833,2023-10-19,56772,3
EMP032,Aarav Joshi,Marketing,aarav.joshi1@example.com,+91-9518744974,2024-07-18,65774,1
EMP038,Vikram Gupta,HR,vikram.gupta67@example.com,+91-9967797300,2024-08-15,107656,2
EMP035,Priya Sharma,Marketing,priya.sharma26@example.com,+91-9356135680,2023-02-19,63586,2
EMP019,Ishaan Kumar,HR,ishaan.kumar78@example.com,+91-9838194420,2020-09-16,178709,4
EMP049,Tanya Joshi,Sales,tanya.joshi98@example.com,+91-9143198431,2019-08-17,53788,4
EMP012,Shreya Reddy,HR,shreya.reddy93@example.com,+91-9607526654,,76438,4
EMP018,Divya Singh,HR,divya.singh70@example.com,+91-9966616964,2018-11-27,43577,2
EMP026,Pooja Das,Sales,pooja.das87@example.com,,2024-10-01,106019,3
EMP005,Arjun Das,IT,arjun.das29@example.com,+91-9933223566,2024-01-26,38675,5
EMP042,Ishaan Khan,Marketing,ishaan.khan28@example.com,+91-9733064117,2022-10-10,68829,2
EMP034,Rohit Patel,HR,rohit.patel98@example.com,+91-9993271900,2024-02-16,36826,3
EMP014,Kavya Kumar,IT,kavya.kumar62@example.com,+91-9162959284,2018-07-09,102845,4
EMP021,Pooja Kumar,Marketing,pooja.kumar47@example.com,+91-9142836793,2019-11-08,103385,4
EMP060,Meera Das,Finance,meera.das10@example.com,+91-9730900313,2021-12-09,56111,3
EMP006,Rohit Das,HR,rohit.das83@example.com,+91-9364814270,2022-05-24,82350,2
EMP045,Nikhil Patel,HR,nikhil.patel39@example.com,+91-9427899537,2018-10-24,57235,3
EMP024,Tanya Singh,Marketing,tanya.singh77@example.com,+91-9436808455,2022-02-13,87154,5
EMP059,Manoj Gupta,Sales,,+91-9765408938,2021-05-10,63289,1
EMP029,Manoj Patel,Finance,,+91-9960514523,2022-09-20,88008,5
EMP020,Aarav Nair,HR,aarav.nair82@example.com,+91-9574417266,2021-09-01,49536,3
EMP003,Divya Nair,HR,divya.nair6@example.com,+91-9506448196,2020-11-20,39116,2
EMP046,Kavya Kumar,IT,kavya.kumar21@example.com,+91-9583724666,2021-02-05,67056,3
EMP058,Kavya Khan,IT,kavya.khan13@example.com,+91-9207918827,2023-05-01,37355,3
EMP055,Aditya Nair,HR,aditya.nair90@example.com,+91-9932734539,2020-12-16,116991,2
EMP009,Divya Kumar,HR,divya.kumar68@example.com,+91-9624636385,2020-05-08,104364,1
EMP048,Sneha Patel,Marketing,sneha.patel90@example.com,+91-9679800791,2018-10-02,109129,1
EMP043,Ishaan Kumar,HR,ishaan.kumar7@example.com,+91-9235591568,2024-08-04,91524,3
EMP047,Tanya Das,Sales,tanya.das26@example.com,+91-9795392488,2020-03-03,70319,5
EMP044,Arjun Patel,Finance,,+91-9262915636,,109471,5
EMP017,Vikram Das,IT,vikram.das59@example.com,+91-9177892576,2022-10-04,96307,3
EMP040,Ishaan Sharma,IT,ishaan.sharma25@example.com,+91-9624606470,2019-12-16,178709,2
EMP013,Sneha Sharma,HR,,+91-9304235259,2019-06-07,39880,3
EMP041,Meera Das,Marketing,meera.das61@example.com,+91-9900942073,2020-12-15,65774,2
EMP057,Karthik Joshi,IT,karthik.joshi84@example.com,+91-9824085842,2021-06-21,34705,2
EMP023,Rohit Patel,HR,rohit.patel30@example.com,,2024-05-12,100282,3
EMP039,Arjun Patel,IT,arjun.patel60@example.com,+91-9461203124,2024-06-06,63862,5
EMP015,Rohit Sharma,Marketing,rohit.sharma70@example.com,+91-9436730606,2022-08-17,178709,3
EMP052,Shreya Iyer,HR,shreya.iyer81@example.com,,2022-03-07,44871,1
EMP050,Ramesh Patel,IT,,+91-9454123990,2021-05-22,102102,1
EMP054,Pooja Nair,Sales,,+91-9999232921,2023-08-28,93483,5
EMP007,Priya Iyer,Marketing,priya.iyer21@example.com,,2021-09-09,45014,5
EMP036,Sneha Kumar,Finance,sneha.kumar14@example.com,+91-9718257024,2021-07-23,112213,3
EMP051,Sneha Gupta,Sales,sneha.gupta1@example.com,+91-9543721204,2022-06-20,36764,3
