Product_ID,Product_Name,Category,Price,Rating,Reviews_Count,Seller,Listed_Date
PRD035,Kurti Set,Fashion,13403,6,"13,242",bestdeals,27/09/2024
PRD020,Running Shoes,Apparel,"₹28,026",0,39485,sellera,2022-06-25
PRD004,Backpack,fashion,"₹30,609",6,"36,430",SELLERA,2022-03-18
PRD017,Kurti Set,Apparel,27485,3,6338,quickkart,not-a-date
PRD029,BACKPACK,fashion,31524,2,,bestdeals,2024-09-20
PRD004,Backpack,fashion,"₹30,609",6,"36,430",SELLERA,2022-03-18
PRD014,Cooker 5L,HOME & KITCHEN,37015,4,45296,QuickKart,2023-07-17
PRD050,MIXER GRINDER,home & kitchen,39670,4,22228,BestDeals,2021-12-07
PRD027,Kurti Set,Fashion,45730,1,4707,SELLERA,2024-09-24
PRD021,Kurti Set,fashion,38070,3,40300,quickkart,18-01-2023
PRD037,Smart Watch,Electronics,36560,3,,quickkart,02-11-2024
PRD032,SMART WATCH,ELECTRONICS,"₹44,968",3,,,2021-11-20
PRD054,Mixer Grinder,home & kitchen,1171,2,,quickkart,2022-09-08
PRD016,LED Bulb Pack,Electronics,40685,2,12419,BestDeals,15-02-2024
PRD053,Kurti Set,fashion,9251,4,44803,quickkart,not-a-date
PRD008,LED Bulb Pack,Electronics,"₹38,859",4,10429,sellera,20/01/2022
PRD039,Smart Watch,electronics,14183,,23010,BestDeals,03/10/2023
PRD052,Cooker 5L,home & kitchen,20779,6,,QuickKart,09/04/2024
PRD011,boAt Headphones,ELECTRONICS,,3,49803,SELLERA,2021-04-13
PRD035,Kurti Set,Fashion,13403,6,"13,242",bestdeals,27/09/2024
PRD019,Kurti Set,fashion,29152,4,"48,967",quickkart,23/05/2021
PRD046,Mixer Grinder,home & kitchen,"₹1,421",1,38886,,02/04/2022
PRD018,LED Bulb Pack,Elec.,22539,N/A,9790,SELLERA,22/01/2021
PRD045,Backpack,Fashion,6283,4,"45,233",SellerA,02-12-2021
PRD005,COOKER 5L,home & kitchen,26402,2,1241,,26/11/2022
PRD006,LED Bulb Pack,ELECTRONICS,"₹36,251",1,5871,QuickKart,22-12-2021
PRD001,boAt Headphones,electronics,,3,11075,SellerA,27-12-2022
PRD043,Cooker 5L,HOME & KITCHEN,"₹27,653",N/A,34182,BestDeals,2023-10-22
PRD015,Backpack,Apparel,34650,5,23868,QuickKart,2021-02-08
PRD002,Kurti Set,Fashion,29519,1,45473,BestDeals,2024-01-10
PRD040,Smart Watch,Elec.,27895,5,5860,bestdeals,12/08/2023
PRD023,boAt Headphones,Elec.,13180,3,47710,quickkart,13-10-2024
PRD051,BOAT HEADPHONES,Electronics,8646,1,8061,bestdeals,22/01/2024
PRD036,Cooker 5L,Home and Kitchen,35628,-1,37736,SellerA,07/06/2023
PRD055,boAt Headphones,Elec.,44940,0,"42,419",SellerA,2023-02-11
PRD053,Kurti Set,fashion,9251,4,44803,quickkart,not-a-date
PRD049,LED Bulb Pack,electronics,5864,,11684,quickkart,01/17/2024
PRD007,Smart Watch,ELECTRONICS,"₹15,796",2,38971,SellerA,2021-06-24
PRD044,Smart Watch,Electronics,11354,3,18247,SELLERA,2023-05-13
PRD033,Smart Watch,ELECTRONICS,"₹35,217",5,14832,SELLERA,2023-08-13
PRD003,Kurti Set,fashion,,3,2857,BestDeals,18/01/2024
PRD026,Running Shoes,Fashion,"₹3,978",6,,bestdeals,28/02/2022
PRD030,Cooker 5L,Home & Kitchen,10634,0,,SellerA,2023-10-22
PRD009,Mixer Grinder,Home and Kitchen,26918,1,19365,sellera,27/04/2021
PRD034,kurti set,FASHION,13819,3,"27,156",SELLERA,02/10/2021
PRD031,Running Shoes,fashion,12940,1,"36,848",,2023-03-06
PRD042,Smart Watch,Elec.,47425,3,"41,340",QuickKart,17/07/2021
PRD013,boAt Headphones,Elec.,48363,2,,SellerA,12/02/2023
PRD047,boAt Headphones,Elec.,"₹13,268",5,31290,quickkart,10/02/2021
PRD028,smart watch,ELECTRONICS,27000,5,,SELLERA,2024-12-02
PRD007,Smart Watch,ELECTRONICS,"₹15,796",2,38971,SellerA,2021-06-24
PRD024,Cooker 5L,HOME & KITCHEN,28417,4,,bestdeals,12/01/2024
PRD038,boAt Headphones,ELECTRONICS,"31,159",4,46777,sellera,08-07-2022
PRD025,boAt Headphones,ELECTRONICS,"₹39,729",3,,quickkart,2023-12-09
PRD012,Cooker 5L,HOME & KITCHEN,42439,2,19849,QuickKart,06/04/2024
PRD022,LED Bulb Pack,ELECTRONICS,19213,3,,bestdeals,28-02-2023
PRD010,Kurti Set,Apparel,25443,4,47704,,2023-06-27
PRD041,COOKER 5L,home & kitchen,"₹36,238",2,"12,230",bestdeals,27/08/2024
PRD048,cooker 5l,home & kitchen,"₹5,679",-1,,SellerA,06/05/2021
PRD015,Backpack,Apparel,34650,5,23868,QuickKart,2021-02-08
