Patient_ID,Name,Age,Gender,Blood_Group,Phone,Admission_Date,Diagnosis,Bill_Amount
PAT024,Ishaan Das,,F,,09258573823,18/05/2022,Hypertension,193027
PAT021,vikram singh,52,Female,O+,9889615695,23/05/2022,diabetes,183625
PAT053,Vikram Patel,11,Female,AB-,9986859932,2024-02-27,Diabetes,180642
PAT005,RAHUL JOSHI,71,MALE,o+,9772882330,2024-08-23,Migraine,31889
PAT022,Aarav Das,43,MALE,AB-,9160285397,2022-03-20,Diabetes,88593
PAT007,Sneha Gupta,63,FEMALE,AB-,9923241443,2023-09-22,Hypertension,133324
PAT054,  Kavya Mehta  ,15,FEMALE,ab-,9613925716,2022-06-05,Asthma,23415
PAT049,Rahul Reddy,69,male,O Positive,9341219324,2023-04-12,Asthma,28607
PAT030,vikram das,89,male,B+,9302612020,28-01-2024,asthma,47522
PAT042,Kavya Reddy,66,,O-,09529417229,27/01/2024,diabetes,71545
PAT015,ROHAN NAIR,59,FEMALE,b +,9937784964,06/08/2023,asthma,25619
PAT050,Vikram Joshi,59,,ab-,+91-96173 36025,2022-12-07,diabetes,100208
PAT046,ishaan sharma,23,F,O +,09249452712,2024-12-12,DIABETES,177223
PAT018,Rohan Patel,-5,Female,O-,+91-99614 81428,17/02/2024,,30278
PAT040,Meera Singh,82,,O +,+91-92160 24129,06-01-2023,Migraine,189946
PAT004,rahul das,59,female,ab-,9614526311,10/08/2022,Diabetes,162329
PAT023,  Ishaan Gupta  ,21,male,a+,12345,11/08/2023,DIABETES,161487
PAT006,Arjun Das,37,female,B+,09317466370,2023-01-02,,180571
PAT047,Rahul Mehta,28,,O+,09422818521,03/09/2023,Asthma,53662
PAT020,Kavya Mehta,78,M,B+,9439370843,2024-08-14,diabetes,96830
PAT048,  Aarav Joshi  ,24,Male,a+,9729223373,05/11/2024,DIABETES,43180
PAT001,Priya Reddy,20,,B+,9941140765,08/25/2024,asthma,139171
PAT019,  Vikram Patel  ,13,F,B+,+91-91165 67828,2022-01-10,Migraine,-1000
PAT036,priya gupta,34,FEMALE,AB -,,2024-07-11,asthma,42608
PAT035,Meera Khan,80,Female,o+,09443634488,05/05/2023,Hypertension,45469
PAT037,Arjun Reddy,86,Female,O+,9529242766,05/18/2022,DIABETES,180014
PAT011,rohan mehta,69,female,B+,+91-99675 78017,2022-07-01,Asthma,114518
PAT017,  Arjun Reddy  ,25,F,AB-,9906644511,10-10-2022,Migraine,185134
PAT028,Vikram Nair,57,F,O +,9867421684,,,
PAT045,DIVYA JOSHI,21,Female,a+,12345,10/18/2022,DIABETES,75957
PAT010,Aarav Nair,39,FEMALE,O-,9873601592,16-04-2024,,171568
PAT009,  Aarav Patel  ,17,,o+,9755126092,2022-02-20,Migraine,-1000
PAT030,vikram das,89,male,B+,9302612020,28-01-2024,asthma,47522
PAT052,Vikram Nair,51,male,o+,+91-99518 33295,15/06/2022,,129931
PAT041,Ananya Nair,34,FEMALE,A+,9624325407,21/01/2023,Diabetes,128409
PAT014,DIVYA SHARMA,62,,O Positive,9943326434,,Hypertension,
PAT051,PRIYA KHAN,50,female,O Positive,+91-95594 50818,11/21/2022,Hypertension,168102
PAT002,  Priya Joshi  ,,FEMALE,AB -,09437405251,not-a-date,hypertension,99999999
PAT034,Ananya Joshi,26,male,O Positive,9965841450,06/25/2024,Asthma,137716
PAT043,Vikram Joshi,87,,AB-,09739768217,11/11/2023,diabetes,183797
PAT025,  Rohan Das  ,45,,A+,9465837809,02-06-2024,Diabetes,169306
PAT044,Arjun Das,76,Male,ab-,+91-93306 86646,14/04/2022,Migraine,50704
PAT031,ARJUN SHARMA,59,,O +,+91-92760 27085,2022-09-22,Diabetes,
PAT038,Kavya Joshi,47,M,,9336084804,2024-05-11,Type 2 Diabetes,165356
PAT008,divya das,45,male,B+,9881656535,2022-11-09,hypertension,30788
PAT013,Ananya Joshi,24,Male,AB-,+91-95285 91642,02-03-2024,Diabetes,59260
PAT029,Arjun Khan,10,Male,o+,9252355731,09/09/2023,,104767
PAT012,Aarav Sharma,,Female,AB -,9426065024,15-08-2022,DIABETES,95968
PAT039,Priya Das,63,,,9112233286,2022-06-08,Type 2 Diabetes,168270
PAT046,ishaan sharma,23,F,O +,09249452712,2024-12-12,DIABETES,177223
PAT032,Rohan Mehta,,male,o+,9450352551,2024-02-13,Hypertension,
PAT003,rohan mehta,16,Female,a+,9595072848,18/10/2023,diabetes,81577
PAT027,kavya mehta,52,male,AB -,+91-95408 12061,2022-06-27,Migraine,171988
PAT021,vikram singh,52,Female,O+,9889615695,23/05/2022,diabetes,183625
PAT055,Aarav Patel,16,,o+,9886450177,05/12/2023,asthma,"71,833"
PAT016,priya reddy,61,Male,b +,09793292768,2024-11-06,hypertension,142546
PAT033,Arjun Reddy,-5,FEMALE,ab-,+91-94705 68629,25/08/2022,Type 2 Diabetes,99999999
PAT045,DIVYA JOSHI,21,Female,a+,12345,10/18/2022,DIABETES,75957
PAT026,Sneha Das,85,female,O-,9486473145,2022-09-27,Type 2 Diabetes,"128,350"
PAT016,priya reddy,61,Male,b +,09793292768,2024-11-06,hypertension,142546
